User_ID,Education,Experience,Available_Time
1,"[{'_id': 'abc123def456ghi789jkl0m', 'degree': 'Software Engineering', 'endYear': 2023, 'school': 'Tech Institute InnovateIT', 'startYear': 2023}, {'_id': 'abc123def456ghi789jkl1n', 'degree': 'Bachelor of Science', 'endYear': 2018, 'fieldOfStudy': 'Mechanical Systems Management', 'school': 'Global University of Engineering and Technology', 'startYear': 2014}]","[{'_id': 'abc123def456ghi789jkl0o', 'endYear': 2023, 'jobTitle': 'Technical Specialist', 'skills': ['Technical Monitoring', 'Equipment Maintenance', 'Facility Cleaning', 'Component Disassembly', 'Component Assembly'], 'startYear': 2019, 'yearsOfExperience': 4}]",0.9388396623
2,"[{'_id': 'a9c8e7f5d2b3456789012345', 'degree': 'Associate', 'endYear': 2020, 'fieldOfStudy': 'Mechanical Engineering', 'school': 'Orlando Technical Institute', 'startYear': 2014}, {'_id': 'b8d7f6e4c3a2456789012346', 'degree': 'Bachelors', 'endYear': -1, 'fieldOfStudy': 'Computer and Electrical Systems', 'school': 'Orlando Technical Institute', 'startYear': 2022}]","[{'_id': 'c7e6d5f4b3a1456789012347', 'companyLocation': 'Canada', 'companyName': 'Tech Innovations Inc.', 'endYear': -1, 'jobTitle': 'Engineering Technician', 'skills': ['System Customization', 'Technical Diagnostics', 'Equipment Maintenance', 'Metalwork', 'System Installation', 'Component Fabrication'], 'startYear': 2018, 'yearsOfExperience': 5}]",1.372787452
3,"[{'_id': 'abc123def456ghi789jkl012', 'degree': 'Diploma', 'endYear': 2021, 'fieldOfStudy': 'Design', 'school': 'East Lake Technical College', 'startYear': 2017}]","[{'_id': 'abc123def456ghi789jkl013', 'companyLocation': 'Canada', 'companyName': 'Alpha Holdings', 'endYear': 2023, 'jobTitle': 'Field Technician', 'skills': ['HVAC Installation'], 'startYear': 2022, 'yearsOfExperience': 1}, {'_id': 'abc123def456ghi789jkl014', 'companyLocation': 'Canada', 'companyName': 'Omega Pharmaceuticals', 'endYear': 2021, 'jobTitle': 'Courier', 'skills': ['Logistics'], 'startYear': 2021, 'yearsOfExperience': 0}, {'_id': 'abc123def456ghi789jkl015', 'companyLocation': 'Canada', 'companyName': 'Beta Ventures', 'endYear': 2021, 'jobTitle': 'Apprentice', 'skills': ['Upkeep'], 'startYear': 2017, 'yearsOfExperience': 4}, {'_id': 'abc123def456ghi789jkl016', 'companyLocation': 'Canada', 'companyName': 'Delta Restoration', 'endYear': 2024, 'jobTitle': 'Environmental Technician', 'skills': ['Hazardous Material Handling', 'Contaminant Removal'], 'startYear': 2023, 'yearsOfExperience': 1}]",4.524165497
4,"[{'_id': '66c4ec4744fe5b6f49115622', 'degree': 'Associate', 'fieldOfStudy': 'Automotive Engineering', 'languageSpoken': 'English', 'school': 'Greenfield Technical College'}, {'_id': '66c4ec4744fe5b6f49115623', 'degree': 'Bachelors', 'fieldOfStudy': 'International Relations', 'languageSpoken': 'English', 'school': 'River Valley University'}, {'_id': '66c4ec4744fe5b6f49115624', 'fieldOfStudy': 'Liberal Arts', 'languageSpoken': 'English', 'school': 'Hillside University'}]","[{'_id': '66c4ec4744fe5b6f4911561f', 'companyLocation': 'United States', 'companyName': 'Mountain Auto Center', 'jobTitle': 'Lube Technician', 'skills': ['Oil Replacement', 'Brake Repair', 'Mounting', 'Mechanical Diagnostics', 'Electrical Troubleshooting', 'Warranty Processing'], 'yearsOfExperience': 1}, {'_id': '66c4ec4744fe5b6f49115620', 'companyLocation': 'United States', 'companyName': 'Sunset Grill', 'jobTitle': 'Cashier/Delivery', 'skills': ['Customer Interaction', 'Drive-Thru Operations', 'Order Management', 'Complaint Resolution', 'Cash Handling', 'Seating Arrangements'], 'yearsOfExperience': 3}, {'_id': '66c4ec4744fe5b6f4911561e', 'companyLocation': 'United States', 'companyName': 'Quick Fix Lubricants', 'jobTitle': 'Lube Technician', 'skills': ['Oil Change', 'Customer Assistance', 'Safety Inspections', 'Filter Changes'], 'yearsOfExperience': 0}, {'_id': '66c4ec4744fe5b6f49115621', 'companyLocation': 'United States', 'companyName': 'XYZ Logistics', 'jobTitle': 'Warehouse Worker', 'skills': ['Facility Maintenance', 'Parcel Handling', 'Loading', 'Delivery Coordination'], 'yearsOfExperience': 2}, {'_id': '66c4ec4744fe5b6f4911561b', 'companyLocation': 'United States', 'companyName': 'Funland Adventures', 'jobTitle': 'Ride Operator', 'skills': ['Operating Rides', 'Guest Service', 'Safety Regulations', 'Issue Resolution', 'Sanitation'], 'yearsOfExperience': 0}, {'_id': '66c4ec4744fe5b6f4911561d', 'companyLocation': 'United States', 'companyName': 'Auto Service Depot', 'jobTitle': 'Lube Technician', 'skills': ['Oil Change', 'Customer Relations', 'Safety Checks', 'Filter Replacement', 'Tire Servicing'], 'yearsOfExperience': 0}, {'_id': '66c4ec4744fe5b6f4911561c', 'companyLocation': 'United States', 'companyName': 'Foodie Express', 'jobTitle': 'Delivery Specialist', 'skills': ['Meal Delivery', 'Order Precision', 'Client Communication', 'Timely Deliveries'], 'yearsOfExperience': 0}]",5.958788315
5,"[{'_id': '123456abcde7890fghij1234', 'degree': 'Some College', 'endYear': 2025, 'fieldOfStudy': 'Data Analysis with Python & Power BI', 'languageSpoken': 'English', 'school': 'Stanford University', 'startYear': -1}, {'_id': '123456abcde7890fghij1235', 'degree': 'Bachelors', 'endYear': 2020, 'fieldOfStudy': 'Mechanical Engineering', 'languageSpoken': 'English', 'school': 'University of Cape Town', 'startYear': -1}]","[{'_id': '123456abcde7890fghij1236', 'companyLocation': 'Canada', 'companyName': 'Solaris', 'endYear': -1, 'jobTitle': 'Vehicle Diagnostic Specialist', 'skills': ['Diagnostics', 'problem-solving', 'CAN Protocol', 'LIN', 'Ethernet', 'Blueprints', 'User Interface Tools', 'HVAC'], 'startYear': 2025, 'yearsOfExperience': 0}, {'_id': '123456abcde7890fghij1237', 'companyLocation': 'United Kingdom', 'companyName': 'RoboTech', 'endYear': -1, 'jobTitle': 'Automation Service Engineer', 'skills': ['Automation', 'technical support', 'problem-solving', 'Implementation', 'coding'], 'startYear': 2024, 'yearsOfExperience': 0}, {'_id': '123456abcde7890fghij1238', 'companyLocation': 'Australia', 'companyName': 'ElectroTest', 'endYear': 2024, 'jobTitle': 'Hardware Test Specialist', 'skills': ['testing', 'Assembly', 'Calibration', 'Blueprints', 'Oscilloscopes', 'Multimeter'], 'startYear': 2024, 'yearsOfExperience': 0}, {'_id': '123456abcde7890fghij1239', 'companyLocation': 'New Zealand', 'companyName': 'CruiseLine Technicians', 'endYear': 2023, 'jobTitle': 'Gaming Systems Technician', 'skills': ['gaming systems', 'problem-solving', 'Network Equipment', 'Maintenance', 'Signal Analyzer'], 'startYear': 2020, 'yearsOfExperience': 3}, {'_id': '123456abcde7890fghij1240', 'companyLocation': 'India', 'companyName': 'WaveConnect', 'endYear': 2020, 'jobTitle': 'On-Site Support Engineer', 'skills': ['Maintenance', 'problem-solving', 'Diagnostics', 'customer support', 'Oscilloscopes'], 'startYear': 2018, 'yearsOfExperience': 2}, {'_id': '123456abcde7890fghij1241', 'companyLocation': 'Brazil', 'companyName': 'TechAssembly', 'endYear': 2018, 'jobTitle': 'Electronic Systems Technician', 'skills': ['Assembly', 'Software Upgrades', 'Integration', 'Blueprints'], 'startYear': 2016, 'yearsOfExperience': 2}]",2.513737727
6,"[{'_id': '1234567be2a0265dd3bc0fb1', 'degree': ""Bachelor's"", 'endYear': 2017, 'fieldOfStudy': 'Sociology', 'school': 'Greenfield University', 'startYear': 2012}, {'_id': '1234567be2a0265dd3bc0fb2', 'degree': 'Associate', 'endYear': 2012, 'fieldOfStudy': 'Paramedic Science', 'school': 'Oak Valley Community College', 'startYear': 2011}]","[{'_id': '1234567be2a0265dd3bc0fac', 'companyLocation': 'Canada', 'companyName': 'Northwest State University', 'endYear': 2025, 'jobTitle': 'Campus Facilities Technician', 'skills': ['HVAC Maintenance', 'Kitchen Appliances', 'Oven', 'Lighting Systems', 'Wiring Repair', 'Equipment Maintenance', 'Waste Disposal'], 'startYear': 2024, 'yearsOfExperience': 1}, {'_id': '1234567be2a0265dd3bc0fad', 'companyLocation': 'Canada', 'companyName': 'CleanTech Services', 'endYear': 2024, 'jobTitle': 'Janitor', 'skills': ['Cleaning', 'Floor Sweeping', 'Surface Dusting', 'Floor Cleaning', 'Waste Management', 'Supply Inventory'], 'startYear': 2023, 'yearsOfExperience': 1}, {'_id': '1234567be2a0265dd3bc0fae', 'companyLocation': 'Canada', 'companyName': 'DiceCo Productions', 'endYear': 2022, 'jobTitle': 'Manufacturing Technician', 'skills': ['Equipment Handling', 'Machine Operation', 'Quality Control', 'Basic Repairs', 'Safety Protocols'], 'startYear': 2021, 'yearsOfExperience': 1}, {'_id': '1234567be2a0265dd3bc0faf', 'companyLocation': 'Canada', 'companyName': 'CharityWorks', 'endYear': 2021, 'jobTitle': 'Logistics Supervisor', 'skills': ['E-commerce', 'Inventory Management', 'Dispatching', 'Client Interaction', 'Order Fulfillment', 'Packaging'], 'startYear': 2017, 'yearsOfExperience': 4}, {'_id': '1234567be2a0265dd3bc0fb0', 'companyLocation': 'Canada', 'companyName': 'HomeStore', 'endYear': 2015, 'jobTitle': 'Retail Clerk', 'skills': ['Customer Service', 'Product Information', 'Inventory Replenishment', 'Store Maintenance'], 'startYear': 2013, 'yearsOfExperience': 2}]",2.291960215
7,"[{'_id': '672a7aab35b02fdf046d32ed', 'degree': 'Diploma', 'endYear': 2011, 'fieldOfStudy': 'Technology in Marine Mechanic', 'school': 'Riverdale Technical Institute', 'startYear': 2009}, {'_id': '672a7aab35b02fdf046d32ee', 'degree': 'Diploma', 'endYear': 2012, 'fieldOfStudy': 'Audio Engineering', 'school': 'Springfield College', 'startYear': 2010}]","[{'_id': '672a7aab35b02fdf046d32e4', 'companyLocation': 'United States', 'companyName': 'Sunrise Motors', 'endYear': -1, 'jobTitle': 'Automotive Technician', 'skills': ['Mechanical'], 'startYear': 2023, 'yearsOfExperience': 0}, {'_id': '672a7aab35b02fdf046d32e5', 'companyLocation': 'United States', 'companyName': 'Horizon Networks', 'endYear': 2023, 'jobTitle': 'Cell Tower Technician', 'skills': ['Cabling', 'Welding', 'Antenna', 'Jumper', 'testing'], 'startYear': 2022, 'yearsOfExperience': 1}, {'_id': '672a7aab35b02fdf046d32e6', 'companyLocation': 'United States', 'companyName': 'Pioneer Installations', 'endYear': 2022, 'jobTitle': 'Kitchen Installer / AC Installer', 'skills': ['installation'], 'startYear': 2020, 'yearsOfExperience': 2}, {'_id': '672a7aab35b02fdf046d32e7', 'companyLocation': 'United States', 'companyName': 'Seaside Resorts', 'endYear': 2020, 'jobTitle': 'Field Service Technician II', 'skills': ['maintenance'], 'startYear': 2018, 'yearsOfExperience': 2}, {'_id': '672a7aab35b02fdf046d32e8', 'companyLocation': 'United States', 'companyName': 'Oceanview Lounge', 'endYear': 2018, 'jobTitle': 'Barback', 'skills': ['Supply Management'], 'startYear': 2016, 'yearsOfExperience': 2}, {'_id': '672a7aab35b02fdf046d32e9', 'companyLocation': 'United States', 'companyName': 'Prime Valet Services', 'endYear': 2018, 'jobTitle': 'Valet Supervisor', 'skills': ['supervision', 'quality control'], 'startYear': 2016, 'yearsOfExperience': 2}, {'_id': '672a7aab35b02fdf046d32ea', 'companyLocation': 'United States', 'companyName': 'Elite Kitchen Solutions', 'endYear': 2016, 'jobTitle': 'Commercial Kitchen Installer', 'skills': ['installation'], 'startYear': 2014, 'yearsOfExperience': 2}, {'_id': '672a7aab35b02fdf046d32eb', 'companyLocation': 'Caribbean Islands', 'companyName': 'Island Interiors', 'endYear': 2015, 'jobTitle': 'Drywall Installer', 'skills': ['Sheetrock', 'Interior Design'], 'startYear': 2012, 'yearsOfExperience': 3}, {'_id': '672a7aab35b02fdf046d32ec', 'companyLocation': 'United States', 'companyName': 'Lakeside Marina', 'endYear': 2012, 'jobTitle': 'Maintenance Technician', 'skills': ['maintenance', 'Plumbing', 'Electrical'], 'startYear': 2008, 'yearsOfExperience': 4}]",3.785882497
8,"[{'_id': 'abc123', 'degree': 'Masters', 'endYear': -1, 'fieldOfStudy': 'Law', 'languageSpoken': 'English', 'school': 'Central Law University', 'startYear': 2023}, {'_id': 'def456', 'degree': 'Bachelors', 'endYear': 2022, 'fieldOfStudy': 'History', 'languageSpoken': 'English', 'school': 'Northern University', 'startYear': 2019}]","[{'_id': 'ghi789', 'companyLocation': 'Canada', 'companyName': 'Smith & Gordon Law Firm', 'endYear': -1, 'jobTitle': 'Legal Intern', 'skills': ['Client Relations', 'Deadline Management', 'Leadership', 'Legal Documentation', 'Word Processing', 'Spreadsheet Analysis'], 'startYear': 2024, 'yearsOfExperience': -1}, {'_id': 'jkl012', 'companyLocation': 'Canada', 'companyName': 'Community Help Center', 'endYear': -1, 'jobTitle': 'Assistant Advisor', 'skills': ['Legal Analysis', 'Interpersonal Communication', 'Time Management'], 'startYear': 2024, 'yearsOfExperience': -1}, {'_id': 'mno345', 'companyLocation': 'Canada', 'companyName': 'Department of Justice', 'endYear': 2018, 'jobTitle': 'Intern', 'skills': ['Document Management', 'Collaboration'], 'startYear': 2018, 'yearsOfExperience': -1}, {'_id': 'pqr678', 'companyLocation': 'Canada', 'companyName': 'River Cafe', 'endYear': 2021, 'jobTitle': 'Service Assistant', 'skills': ['Coordination', 'Task Prioritization', 'Customer Interaction'], 'startYear': 2016, 'yearsOfExperience': -1}]",2.374786623
9,"[{'_id': '66feb33e750eecd994bc17ab', 'degree': 'Doctor of Laws', 'endYear': 2027, 'school': 'University of California School of Law', 'startYear': 2024}, {'_id': '66feb33e750eecd994bc17ac', 'degree': 'Master of Arts', 'endYear': 2020, 'fieldOfStudy': 'Human Resources Management', 'startYear': -1}, {'_id': '66feb33e750eecd994bc17ad', 'degree': 'Master of Science', 'endYear': 2012, 'fieldOfStudy': 'Global Business Management', 'startYear': -1}, {'_id': '66feb33e750eecd994bc17ae', 'degree': 'Bachelor of Arts', 'endYear': 2010, 'startYear': -1}]","[{'_id': '66feb33e750eecd994bc17a1', 'companyLocation': 'Canada', 'endYear': -1, 'jobTitle': 'Legal Intern', 'skills': ['Case Analysis', 'Client Consultation'], 'startYear': 2025, 'yearsOfExperience': 0}, {'_id': '66feb33e750eecd994bc17a2', 'companyLocation': 'Canada', 'endYear': -1, 'jobTitle': 'Assistant Researcher', 'skills': ['data analysis'], 'startYear': 2025, 'yearsOfExperience': 0}, {'_id': '66feb33e750eecd994bc17a3', 'companyLocation': 'United Kingdom', 'companyName': 'Global Tech Solutions', 'endYear': 2025, 'jobTitle': 'Legal Fellow', 'skills': ['Regulatory Compliance', 'Document Review', 'Corporate Governance'], 'startYear': 2025, 'yearsOfExperience': 0}, {'_id': '66feb33e750eecd994bc17a4', 'companyLocation': 'Australia', 'endYear': 2024, 'jobTitle': 'Human Resources Consultant', 'skills': ['Employee Engagement', 'Policy Development', 'Regulatory Adherence'], 'startYear': 2022, 'yearsOfExperience': 2}, {'_id': '66feb33e750eecd994bc17a5', 'companyLocation': 'Australia', 'companyName': 'Global University School of Law', 'endYear': 2022, 'jobTitle': 'Program Assistant', 'skills': ['Case Investigation', 'Compliance Management'], 'startYear': 2020, 'yearsOfExperience': 1}, {'_id': '66feb33e750eecd994bc17a6', 'companyLocation': 'Australia', 'companyName': 'Global University School of Law', 'endYear': 2022, 'jobTitle': 'French Translator', 'skills': ['translation', 'data collection'], 'startYear': 2020, 'yearsOfExperience': 1}, {'_id': '66feb33e750eecd994bc17a7', 'companyLocation': 'India', 'companyName': 'International Philanthropy Fund', 'endYear': 2019, 'jobTitle': 'Project Intern', 'skills': ['strategic planning'], 'startYear': 2019, 'yearsOfExperience': 0}, {'_id': '66feb33e750eecd994bc17a8', 'companyLocation': 'India', 'companyName': 'Education Zone 15', 'endYear': 2019, 'jobTitle': 'Spring Intern', 'skills': ['Research Analysis', 'Public Speaking'], 'startYear': 2019, 'yearsOfExperience': 0}, {'_id': '66feb33e750eecd994bc17a9', 'companyLocation': 'France', 'companyName': 'Coca-Cola Company', 'endYear': 2018, 'jobTitle': 'Human Resources Specialist', 'skills': ['Conflict Resolution', 'Case Evaluation'], 'startYear': 2015, 'yearsOfExperience': 3}, {'_id': '66feb33e750eecd994bc17aa', 'companyLocation': 'Germany', 'companyName': 'Volkswagen Group', 'endYear': 2015, 'skills': ['Employee Management', 'Contract Negotiation'], 'startYear': 2012, 'yearsOfExperience': 3}]",0.1864845924
10,"[{'_id': 'obf7609e2e979e06af5aa68', 'degree': 'Masters', 'endYear': 2024, 'fieldOfStudy': 'International Trade Law', 'languageSpoken': 'English', 'school': 'Greenwood Hall Law School, Maple University', 'startYear': -1}, {'_id': 'obf7609e2e979e06af5aa69', 'degree': 'Bachelors', 'endYear': -1, 'fieldOfStudy': 'Legal Studies', 'languageSpoken': 'English', 'school': 'Riverdale University', 'startYear': -1}, {'_id': 'obf7609e2e979e06af5aa6a', 'degree': 'Bachelors', 'endYear': -1, 'fieldOfStudy': 'Accounting', 'languageSpoken': 'English', 'school': 'Riverdale University', 'startYear': -1}]","[{'_id': 'obf7609e2e979e06af5aa62', 'companyLocation': 'CountryX', 'companyName': 'Media Solutions Corp', 'endYear': 2023, 'jobTitle': 'Principal Legal Advisor', 'skills': ['Law Strategy', 'Agreement Drafting', 'Bargaining', 'Patent Management', 'Regulatory Compliance'], 'startYear': 2018, 'yearsOfExperience': 5}, {'_id': 'obf7609e2e979e06af5aa63', 'companyLocation': 'CountryX', 'companyName': 'Independent Consultancy', 'endYear': 2023, 'jobTitle': 'Independent Consultant', 'skills': ['Legal Support', 'Judicial Research', 'Agreement Drafting', 'Client Advisory', 'Business Consulting'], 'startYear': 2014, 'yearsOfExperience': 10}, {'_id': 'obf7609e2e979e06af5aa64', 'companyLocation': 'CountryX', 'companyName': 'Zeta Life Insurance Co.', 'endYear': 2017, 'jobTitle': 'Deputy Legal Manager', 'skills': ['Court Representation', 'Policy Revisions', 'Regulatory Compliance', 'Legal Inquiry'], 'startYear': 2016, 'yearsOfExperience': 1}, {'_id': 'obf7609e2e979e06af5aa65', 'companyLocation': 'CountryX', 'companyName': 'LawPartners Inc. (Immigration Law Office)', 'endYear': 2016, 'jobTitle': 'Legal Consultant', 'skills': ['Document Drafting', 'Team Collaboration', 'Court Representation'], 'startYear': 2016, 'yearsOfExperience': 0.5}, {'_id': 'obf7609e2e979e06af5aa66', 'companyLocation': 'CountryX', 'companyName': 'LawGroup, LLC', 'endYear': 2016, 'jobTitle': 'Junior Lawyer', 'skills': ['Document Drafting', 'Judicial Research', 'File Documentation'], 'startYear': 2014, 'yearsOfExperience': 2}, {'_id': 'obf7609e2e979e06af5aa67', 'companyLocation': 'CountryX', 'endYear': 2014, 'jobTitle': 'Legal Trainee', 'skills': ['Law Expertise', 'Defense Litigation', 'File Management'], 'startYear': 2012, 'yearsOfExperience': 2}]",2.504065804
11,"[{'_id': 'a1b2c3d4e5f6789012345678', 'degree': 'Juris Doctor', 'endYear': 2025, 'languageSpoken': 'English', 'school': 'Midwestern State College of Law', 'startYear': -1}, {'_id': 'a1b2c3d4e5f6789012345679', 'degree': 'Bachelors', 'endYear': 2022, 'fieldOfStudy': 'Mechanical Engineering', 'languageSpoken': 'English', 'school': 'Northern Tech University', 'startYear': -1}]","[{'_id': 'a1b2c3d4e5f678901234567a', 'companyLocation': 'Canada', 'companyName': 'Smith & Associates, LLP', 'endYear': 2023, 'jobTitle': 'Legal Intern', 'skills': ['Legal Research', 'Document Drafting'], 'startYear': 2023, 'yearsOfExperience': 0}, {'_id': 'a1b2c3d4e5f678901234567b', 'companyLocation': 'Canada', 'companyName': 'Tech Innovations Inc.', 'endYear': 2022, 'jobTitle': 'Prototype Engineer', 'skills': ['Product Development', 'CAD Modeling', '3D Fabrication'], 'startYear': 2022, 'yearsOfExperience': 0}, {'_id': 'a1b2c3d4e5f678901234567c', 'companyLocation': 'Canada', 'companyName': 'Cloud Solutions LLC', 'endYear': 2022, 'jobTitle': 'Software Developer', 'skills': ['Cloud Infrastructure', 'Mobile App Creation', 'Code Optimization', 'Data Sync'], 'startYear': 2021, 'yearsOfExperience': 1}, {'_id': 'a1b2c3d4e5f678901234567d', 'companyLocation': 'Canada', 'companyName': 'GreenTech Robotics', 'endYear': 2023, 'jobTitle': 'Intern Associate', 'skills': ['Case Analysis', 'Technical Research', 'Document Writing', 'Legal Claims'], 'startYear': 2023, 'yearsOfExperience': 0}, {'_id': 'a1b2c3d4e5f678901234567e', 'companyLocation': 'Canada', 'companyName': 'Horizon Engineering Group', 'endYear': 2024, 'jobTitle': 'Summer Intern', 'skills': ['Case Management', 'Violation Assessment', 'Legal Drafting', 'Patent Evaluations'], 'startYear': 2024, 'yearsOfExperience': 0}, {'_id': 'a1b2c3d4e5f678901234567f', 'companyLocation': 'Canada', 'companyName': 'Tech University', 'endYear': 2021, 'jobTitle': 'Design Team Member', 'skills': ['Creative Design'], 'startYear': 2020, 'yearsOfExperience': 1}]",5.997176791
12,"[{'_id': 'ed1', 'degree': 'Masters', 'endYear': 2006, 'fieldOfStudy': 'Information and Library Science', 'languageSpoken': 'English', 'school': 'State University of New York', 'startYear': 2004}, {'_id': 'ed2', 'degree': 'Juris Doctor', 'endYear': 1995, 'fieldOfStudy': 'Legal Studies', 'languageSpoken': 'English', 'school': 'Yale Law School', 'startYear': 1992}, {'_id': 'ed3', 'degree': 'Bachelors', 'endYear': 1991, 'fieldOfStudy': 'Political Science', 'languageSpoken': 'English', 'school': 'Princeton University', 'startYear': 1987}]","[{'_id': 'job1', 'companyLocation': 'Canada', 'companyName': 'DataInsights', 'endYear': 2001, 'jobTitle': 'Consultant', 'skills': ['Project Management', 'Report Analysis'], 'startYear': 2000, 'yearsOfExperience': 1.0}, {'_id': 'job2', 'companyLocation': 'United States', 'companyName': 'TechCorp', 'endYear': 2006, 'jobTitle': 'Quality Evaluator', 'skills': ['Relevance Assessment'], 'startYear': 2003, 'yearsOfExperience': 3.0}, {'_id': 'job3', 'companyLocation': 'United States', 'companyName': 'Legal Solutions Inc.', 'endYear': -1, 'jobTitle': 'Legal Research Specialist', 'skills': ['AI', 'Research Analysis', 'Legal Inquiry'], 'startYear': 2023, 'yearsOfExperience': 0.5}, {'_id': 'job4', 'companyLocation': 'United States', 'companyName': 'Research Dynamics', 'endYear': 2023, 'jobTitle': 'Lead Research Author', 'skills': ['Writing', 'Legal Research'], 'startYear': 2022, 'yearsOfExperience': 1.1}, {'_id': 'job5', 'companyLocation': 'United States', 'companyName': 'University of Western States', 'endYear': 2019, 'jobTitle': 'Academic Librarian', 'skills': ['Library Science', 'Teaching', 'Research', 'Writing'], 'startYear': 2005, 'yearsOfExperience': 14.0}, {'_id': 'job6', 'companyLocation': 'United States', 'companyName': 'City Legal Department', 'endYear': 2000, 'jobTitle': 'Assistant Legal Counsel', 'skills': ['Litigation'], 'startYear': 1997, 'yearsOfExperience': 3.2}, {'_id': 'job7', 'companyLocation': 'United States', 'companyName': 'Courthouse of Appeals', 'endYear': 1997, 'jobTitle': 'Judicial Attorney', 'skills': ['Legal Analysis', 'Document Drafting'], 'startYear': 1995, 'yearsOfExperience': 2.0}, {'_id': 'job8', 'companyLocation': 'United States', 'companyName': 'Independent Media', 'endYear': 2011, 'jobTitle': 'Freelance Contributor', 'skills': ['Content Development', 'Marketing'], 'startYear': 2007, 'yearsOfExperience': 4.6}, {'_id': 'job9', 'companyLocation': 'Germany', 'companyName': 'Consulting Partners', 'endYear': 2001, 'jobTitle': 'Advisor', 'skills': ['Project Coordination', 'Technical Writing'], 'startYear': 2000, 'yearsOfExperience': 1.0}, {'_id': 'job10', 'companyLocation': 'United States', 'companyName': 'AI Innovations', 'endYear': 2022, 'jobTitle': 'Data Specialist', 'skills': ['Data Annotation', 'Taxonomy'], 'startYear': 2022, 'yearsOfExperience': 0.6}]",1.849418839
13,"[{'_id': 'a1b2c3d4e5f6789012345678', 'degree': 'Doctorate', 'fieldOfStudy': 'Pharmaceutical Sciences', 'languageSpoken': 'English', 'school': 'University of Central Florida'}, {'_id': 'a1b2c3d4e5f6789012345679', 'degree': 'Bachelors', 'fieldOfStudy': 'Health Sciences', 'languageSpoken': 'English', 'school': 'University of Central Florida'}, {'_id': 'a1b2c3d4e5f6789012345680', 'degree': 'Associate', 'fieldOfStudy': 'General Studies', 'languageSpoken': 'English', 'school': 'Iowa Western Community College'}]","[{'_id': 'a1b2c3d4e5f6789012345681', 'companyLocation': 'United States', 'companyName': 'HealthCorp', 'jobTitle': 'Pharmacy Assistant', 'skills': ['Inventory Management', 'Prescription Preparation', 'Medication Mixing'], 'yearsOfExperience': 1.6}, {'_id': 'a1b2c3d4e5f6789012345682', 'companyLocation': 'United States', 'companyName': 'PharmaPlus', 'jobTitle': 'Pharmacy Assistant', 'skills': ['Prescription Processing', 'Insurance Verification', 'Product Labeling'], 'yearsOfExperience': 0.9}, {'_id': 'a1b2c3d4e5f6789012345683', 'companyLocation': 'United States', 'companyName': 'BrewHouse', 'jobTitle': 'Coffee Specialist', 'skills': ['Customer Interaction', 'Sanitation Practices'], 'yearsOfExperience': 0.8}]",4.676424355
14,"[{'_id': '670429967a5639a5ece59d44', 'degree': 'Doctorate', 'endYear': 2007, 'fieldOfStudy': 'Educational Psychology', 'school': 'Midwest State University', 'startYear': -1}, {'_id': '670429967a5639a5ece59d45', 'degree': 'Masters', 'endYear': 2005, 'fieldOfStudy': 'Clinical Psychology', 'school': 'Southern University', 'startYear': -1}, {'_id': '670429967a5639a5ece59d46', 'degree': 'Masters', 'endYear': 1993, 'fieldOfStudy': 'Public Health', 'school': 'Eastern University', 'startYear': -1}, {'_id': '670429967a5639a5ece59d47', 'degree': 'Bachelors', 'endYear': 1985, 'fieldOfStudy': 'Biochemistry', 'school': 'Midwest State University', 'startYear': -1}]","[{'_id': '670429967a5639a5ece59d37', 'companyLocation': 'United States', 'companyName': 'Harmony Wellness Center', 'endYear': 2024, 'jobTitle': 'Therapist', 'skills': ['Therapy', 'Client Evaluations'], 'startYear': 2023, 'yearsOfExperience': 1}, {'_id': '670429967a5639a5ece59d38', 'companyLocation': 'United States', 'companyName': 'Maple Counseling Services', 'endYear': 2007, 'jobTitle': 'Intern Counselor', 'skills': ['Therapeutic Counseling', 'Mentorship'], 'startYear': 2006, 'yearsOfExperience': 1}, {'_id': '670429967a5639a5ece59d39', 'companyLocation': 'United States', 'companyName': 'Wellness and Support Network', 'endYear': -1, 'jobTitle': 'Counselor/Advocate/Volunteer', 'skills': ['Therapeutic Support', 'Facilitating Support Groups'], 'startYear': 2005, 'yearsOfExperience': 18}, {'_id': '670429967a5639a5ece59d3a', 'companyLocation': 'United States', 'companyName': 'Southern University', 'endYear': 2003, 'jobTitle': 'Intern Counselor', 'skills': ['Therapeutic Practices', 'Instruction'], 'startYear': 2002, 'yearsOfExperience': 1}, {'_id': '670429967a5639a5ece59d3b', 'companyLocation': 'United States', 'companyName': 'Eastern Health Center', 'endYear': 2005, 'jobTitle': 'Intern Counselor', 'skills': ['Client Counseling', 'Intake Procedures'], 'startYear': 2004, 'yearsOfExperience': 1}, {'_id': '670429967a5639a5ece59d3c', 'companyLocation': 'United States', 'companyName': 'Northern University', 'endYear': 1998, 'jobTitle': 'Research Fellow', 'skills': ['Project Coordination', 'Research Management', 'Program Design', 'Curriculum Development'], 'startYear': 1997, 'yearsOfExperience': 1}, {'_id': '670429967a5639a5ece59d3d', 'companyLocation': 'United States', 'companyName': 'State Department of Public Health', 'endYear': 1998, 'jobTitle': 'Analyst', 'skills': ['Project Coordination', 'Data Research', 'Report Summarization'], 'startYear': 1996, 'yearsOfExperience': 2}, {'_id': '670429967a5639a5ece59d3e', 'companyLocation': 'United States', 'companyName': 'Consulting Firm Ltd.', 'endYear': 1995, 'jobTitle': 'Lead Consultant', 'skills': ['Strategic Consulting', 'Data Analysis', 'Model Creation'], 'startYear': 1994, 'yearsOfExperience': 1}, {'_id': '670429967a5639a5ece59d3f', 'companyLocation': 'United States', 'companyName': 'Financial Services Corp', 'endYear': 1995, 'jobTitle': 'Programmer Analyst Lead', 'skills': ['Process Reengineering', 'Software Programming'], 'startYear': 1993, 'yearsOfExperience': 2}, {'_id': '670429967a5639a5ece59d40', 'companyLocation': 'United States', 'companyName': 'Metropolitan Health Plan', 'endYear': 1993, 'skills': ['Team Management', 'Data Analysis', 'Client Consulting'], 'startYear': 1992, 'yearsOfExperience': 1}, {'_id': '670429967a5639a5ece59d41', 'companyLocation': 'United States', 'companyName': 'Medical Education Association', 'endYear': 1992, 'jobTitle': 'Evaluation Services Manager', 'skills': ['Data Analysis', 'Database Administration'], 'startYear': 1987, 'yearsOfExperience': 5}, {'_id': '670429967a5639a5ece59d42', 'companyLocation': 'United States', 'companyName': 'National Health Institute', 'endYear': 1987, 'jobTitle': 'Lab Technician', 'skills': ['Protein Purification', 'Sample Labeling', 'Gel Electrophoresis'], 'startYear': 1985, 'yearsOfExperience': 2}, {'_id': '670429967a5639a5ece59d43', 'companyLocation': 'United States', 'companyName': 'Midwest State University', 'endYear': 1985, 'jobTitle': 'Lab Technician', 'skills': ['Molecular Characterization', 'Biochemical Assays', 'Advanced Chromatography'], 'startYear': 1983, 'yearsOfExperience': 2}]",5.210188862
15,"[{'_id': 'ed1', 'degree': 'Diploma in Nursing', 'fieldOfStudy': 'Healthcare', 'school': 'Starlight Nursing Academy'}, {'_id': 'ed2', 'degree': 'Certified Nursing Assistant', 'fieldOfStudy': 'Healthcare', 'school': 'Sunrise Institute'}]","[{'_id': 'job7', 'companyLocation': 'Canada', 'companyName': 'Zenith Health Services', 'jobTitle': 'Support Staff', 'skills': ['Basic Life Support', 'Medication Handling', 'Treatment Procedures', 'Nutritional Feeds', 'Subcutaneous Injections', 'Wound Management', 'Urinary Catheterization', 'Colostomy Care', 'Behavioral Management', 'Therapeutic Interventions', 'Documentation', 'Laboratory Support', 'Diagnostic Procedures', 'Team Coordination', 'Staff Training'], 'yearsOfExperience': 8}, {'_id': 'job4', 'companyLocation': 'Canada', 'companyName': 'Optimum Care Solutions', 'jobTitle': 'Case Supervisor', 'skills': ['Patient Advocacy', 'Healthcare Coordination', 'Mental Health Clinics', 'Medical Documentation', 'Care Planning', 'Team Collaboration', 'Homecare Management', 'Patient Liaison', 'Support Services'], 'yearsOfExperience': 2}, {'_id': 'job1', 'companyLocation': 'Canada', 'companyName': 'Wellness Corp', 'jobTitle': 'Review Coordinator', 'skills': ['Healthcare Policies', 'Document Review', 'Communication Strategies', 'Clinical Evaluations', 'Client Engagement', 'Service Coordination', 'Managed Healthcare', 'Office Software Proficiency'], 'yearsOfExperience': 3}, {'_id': 'job5', 'companyLocation': 'Canada', 'companyName': ""Children's Health Alliance"", 'jobTitle': 'Child Health Nurse', 'skills': ['Childcare', 'Respiratory Support', 'Airway Management', 'Nutritional Support', 'Life Support Systems', 'Daily Living Assistance', 'Physiotherapy', 'Scheduling', 'Pharmacological Management', 'Care Documentation'], 'yearsOfExperience': 2}, {'_id': 'job3', 'companyLocation': 'Canada', 'companyName': 'HomeCare Solutions', 'jobTitle': 'Visiting Nurse', 'skills': ['Community Health Visits', 'Health Monitoring', 'Wound Treatment', 'Medication Management', 'Patient Instruction'], 'yearsOfExperience': 0}, {'_id': 'job2', 'companyLocation': 'Canada', 'companyName': 'Horizon Mental Health', 'jobTitle': 'Patient Care Assistant', 'skills': ['Client Intake', 'Release Procedures', 'Transfer Coordination', 'Clinical Audits', 'Care Protocols', 'Assistant Support', 'Resource Management', 'Drug Administration', 'Injury Care', 'Emergency Procedures', 'Life Support Training'], 'yearsOfExperience': 5}, {'_id': 'job6', 'companyLocation': 'Canada', 'companyName': 'Rehab Associates', 'jobTitle': 'Recovery Nurse', 'skills': ['Health Monitoring', 'Pharmacological Administration', 'Digital Health Records', 'Clinical Verifications', 'Patient Onboarding', 'Medication Counseling', 'Patient Discharge Procedures', 'Infection Control Records', 'Order Processing', 'Medical Transcription', 'Support Staff Coordination', 'Emergency Care', 'Life Support Techniques'], 'yearsOfExperience': 1}]",4.836633845
16,"[{'_id': 'a1b2c3d4e5f67890abcdef12', 'degree': 'Doctorate', 'endYear': 2029, 'fieldOfStudy': 'Medical Science', 'languageSpoken': 'English', 'school': 'Stanford University', 'startYear': -1}, {'_id': 'f1e2d3c4b5a67890abcdef34', 'degree': 'Bachelors', 'endYear': 2023, 'fieldOfStudy': 'Molecular Biology', 'languageSpoken': 'English', 'school': 'Texas A&M University', 'startYear': -1}]","[{'_id': '123456abcdef7890abcdef12', 'companyLocation': 'United States', 'companyName': 'Harvard Medical School', 'endYear': 2024, 'jobTitle': 'Research Associate', 'skills': ['Project Coordination', 'Cellular Analysis'], 'startYear': 2023, 'yearsOfExperience': 1}, {'_id': '234567abcdef8901abcdef23', 'companyLocation': 'United States', 'companyName': 'MIT Research Lab', 'endYear': 2023, 'jobTitle': 'Lab Technician', 'skills': ['Genetic Analysis', 'Transfection Procedures', 'Molecular Transformation', 'Protein Engineering', 'Viral Vector Production', 'Immunoassays', 'Bioluminescent Imaging', 'Antibody Detection', 'In vitro Assays', 'Cytometry', 'Genomic Sequencing', 'Office Administration'], 'startYear': 2022, 'yearsOfExperience': 1}, {'_id': '345678abcdef9012abcdef34', 'companyLocation': 'United States', 'companyName': 'Johns Hopkins University', 'endYear': 2022, 'jobTitle': 'Research Assistant', 'skills': ['Data Collection', 'Data Entry', 'Workshop Participation', 'Narrative Medicine'], 'startYear': 2022, 'yearsOfExperience': 1}, {'_id': '456789abcdef0123abcdef45', 'companyLocation': 'United States', 'companyName': 'Johns Hopkins University', 'endYear': 2021, 'jobTitle': 'Research Assistant', 'skills': ['Clinical Trials', 'Research Ethics', 'Study Protocols', 'Statistical Analysis', 'Consent Processes', 'Participant Screening', 'Narrative Medicine'], 'startYear': 2021, 'yearsOfExperience': 1}, {'_id': '567890abcdef1234abcdef56', 'companyLocation': 'United States', 'companyName': 'Texas A&M University', 'endYear': 2021, 'jobTitle': 'Junior Researcher', 'skills': ['Theory Development', 'Research Design', 'Experimental Setup', 'Bioenergy Conversion', 'Data Interpretation'], 'startYear': 2020, 'yearsOfExperience': 1}, {'_id': '678901abcdef2345abcdef67', 'companyLocation': 'United States', 'companyName': 'Princeton University', 'endYear': 2020, 'jobTitle': 'Junior Researcher', 'skills': ['Inventory Management', 'RNA Silencing', 'Toxicology', 'Data Interpretation', 'Public Speaking'], 'startYear': 2019, 'yearsOfExperience': 2}, {'_id': '789012abcdef3456abcdef78', 'companyLocation': 'United States', 'companyName': 'Texas A&M University', 'endYear': 2023, 'jobTitle': 'Biology Instructor', 'skills': ['Academic Tutoring', 'Learning Strategies'], 'startYear': 2020, 'yearsOfExperience': 3}, {'_id': '890123abcdef4567abcdef89', 'companyLocation': 'United States', 'companyName': 'Austin Community College', 'endYear': 2019, 'jobTitle': 'Teaching Assistant', 'skills': ['Curriculum Design', 'Class Preparation', 'Student Consultations'], 'startYear': 2019, 'yearsOfExperience': 1}]",3.290905654
17,"[{'_id': '66ce394d0c28e8b1c4f29c86', 'degree': 'Bachelors', 'fieldOfStudy': 'Biochemistry', 'languageSpoken': 'English', 'school': 'State University of New Hampshire'}]","[{'_id': '66ce394d0c28e8b1c4f29c82', 'companyLocation': 'United States', 'companyName': 'Springfield Health Center', 'jobTitle': 'Nursing Assistant', 'skills': ['Patient Care', 'Vital Signs', 'Assisting'], 'yearsOfExperience': 2}, {'_id': '66ce394d0c28e8b1c4f29c81', 'companyLocation': 'United States', 'companyName': 'Oakwood Rehabilitation', 'jobTitle': 'Nursing Assistant', 'skills': ['Vital Signs', 'Assisting'], 'yearsOfExperience': 3}, {'_id': '66ce394d0c28e8b1c4f29c84', 'companyLocation': 'United States', 'companyName': 'State University of New Hampshire', 'jobTitle': 'Science Teaching Assistant', 'skills': ['Teaching', 'Biochemistry'], 'yearsOfExperience': 1}, {'_id': '66ce394d0c28e8b1c4f29c85', 'companyLocation': 'United States', 'companyName': 'State University of New Hampshire', 'jobTitle': 'Undergraduate Lab Assistant', 'skills': ['Assisting', 'Lab Preparation', 'Facilitated Learning'], 'yearsOfExperience': 1}, {'_id': '66ce394d0c28e8b1c4f29c83', 'companyLocation': 'United States', 'companyName': 'Springfield Medical Center', 'jobTitle': 'Telemetry Technician', 'skills': ['Alertness', 'Cardiac Monitoring', 'Reporting'], 'yearsOfExperience': 3}]",5.913462757
18,[],"[{'_id': 'a1234567890bcdef12345678', 'companyLocation': 'Brazil', 'endYear': -1, 'jobTitle': 'Oral Surgeon', 'skills': ['Oral Surgery', 'Career Guidance', 'Interpersonal Skills'], 'startYear': -1, 'yearsOfExperience': 35}, {'_id': 'b1234567890bcdef12345679', 'endYear': -1, 'jobTitle': 'Public Speaking Course Facilitator', 'skills': ['Interpersonal Skills'], 'startYear': -1, 'yearsOfExperience': -1}]",0.1368408537
19,"[{'_id': 'obf1', 'degree': 'Doctorate', 'endYear': 2015, 'fieldOfStudy': 'Pharmacy', 'languageSpoken': 'English', 'school': 'Eastern University School of Pharmacy', 'startYear': -1}, {'_id': 'obf2', 'degree': 'Bachelors', 'endYear': 2011, 'fieldOfStudy': 'Biology', 'languageSpoken': 'English', 'school': 'Western Institute of Technology', 'startYear': -1}]","[{'_id': 'obf3', 'companyLocation': 'United States', 'companyName': 'Southside Medical Center', 'endYear': -1, 'jobTitle': 'Pharmacist', 'skills': ['Order Verification', 'Medication Reconciliation', 'Antibiotics', 'Renal Adjustment', 'Anticoagulation', 'Compounding', 'ICU', 'NICU', 'Emergency Department', 'OR', 'PCU', 'Catheterization', 'Clinical Laboratory', 'Dialysis', 'Neurology'], 'startYear': 2016, 'yearsOfExperience': 7}, {'_id': 'obf4', 'companyLocation': 'United States', 'companyName': 'Freedom Health Center', 'endYear': 2016, 'jobTitle': 'Pharmacist', 'skills': ['Order Verification', 'Medication Reconciliation', 'Antibiotics', 'Renal Adjustment', 'Compounding', 'EMR', 'Pyxis MedStation', 'Preceptor', 'Pump Control', 'Labor and Delivery', 'Emergency Department', 'General Surgery', 'PCU', 'OR', 'Clinical Laboratory'], 'startYear': 2015, 'yearsOfExperience': 1}, {'_id': 'obf5', 'companyLocation': 'United States', 'companyName': 'Grocery Pharmacy', 'endYear': 2015, 'jobTitle': 'Pharmacy Intern', 'skills': ['Drop-off', 'Order Pickup', 'Inventory Management', 'Prescription Filling', 'Prescription Transfers'], 'startYear': 2011, 'yearsOfExperience': 4}]",4.557964532
20,[],"[{'_id': 'b7f9c8e5a34d9e12f67890de', 'companyLocation': 'Canada', 'companyName': 'Globex Solutions', 'jobTitle': 'Reviewer', 'skills': ['Assessment', 'Critique'], 'yearsOfExperience': 2.0}]",5.57693757
21,[],"[{'_id': 'a1b2c3d4e5f6g7h8i9j0k1l2', 'companyLocation': 'Canada', 'companyName': 'Global Media Group', 'endYear': -1, 'jobTitle': 'Media Coordinator', 'skills': ['Publicity', 'Communication', 'Media Relations'], 'startYear': -1, 'yearsOfExperience': -1}, {'_id': 'b2c3d4e5f6g7h8i9j0k1l2m3', 'companyLocation': 'United Kingdom', 'companyName': 'Tech Innovations Ltd.', 'endYear': -1, 'jobTitle': 'Frontend Developer', 'skills': ['Web Development', 'HTML', 'CSS', 'JavaScript', 'React', 'Node.js', 'SQL', 'WordPress'], 'startYear': -1, 'yearsOfExperience': -1}, {'_id': 'c3d4e5f6g7h8i9j0k1l2m3n4', 'companyLocation': 'Australia', 'companyName': 'Southern University', 'endYear': -1, 'jobTitle': 'Assistant English Teacher', 'skills': ['Curriculum Development', 'Student Engagement', 'Progress Monitoring', 'Teaching'], 'startYear': -1, 'yearsOfExperience': -1}, {'_id': 'd4e5f6g7h8i9j0k1l2m3n4o5', 'companyLocation': 'Japan', 'companyName': 'Tokyo Education Network', 'endYear': -1, 'jobTitle': 'Coordinator for International Teachers', 'skills': ['Leadership', 'Communication', 'Professional Growth', 'Event Coordination'], 'startYear': -1, 'yearsOfExperience': -1}, {'_id': 'e5f6g7h8i9j0k1l2m3n4o5p6', 'companyLocation': 'France', 'companyName': 'Euro Quality Records', 'endYear': -1, 'jobTitle': 'Quality Assurance Specialist', 'skills': ['Quality Control', 'Process Management', 'Bug Reporting', 'Feature Request Analysis'], 'startYear': -1, 'yearsOfExperience': -1}, {'_id': 'f6g7h8i9j0k1l2m3n4o5p6q7', 'companyLocation': 'Germany', 'companyName': 'Healthcare Solutions Inc.', 'endYear': -1, 'jobTitle': 'Communications Specialist', 'skills': ['Communication', 'Team Engagement', 'Career Development', 'Event Organization'], 'startYear': -1, 'yearsOfExperience': -1}, {'_id': 'g7h8i9j0k1l2m3n4o5p6q7r8', 'companyLocation': 'Italy', 'companyName': 'Adventure Park Resort', 'endYear': -1, 'jobTitle': 'Guest Services Associate', 'skills': ['Operations', 'Customer Relations'], 'startYear': -1, 'yearsOfExperience': -1}]",0.670661879
22,"[{'_id': '66eff3eabd7fa22fce9fe7b3', 'degree': 'PhD', 'endYear': -1, 'school': 'Bangalore Institute', 'startYear': -1}, {'_id': '66eff3eabd7fa22fce9fe7b4', 'degree': 'Undergraduate', 'endYear': -1, 'school': 'K Ramesh College', 'startYear': -1}]","[{'_id': '66eff3eabd7fa22fce9fe7b2', 'companyLocation': 'India', 'companyName': 'InnoTech', 'endYear': 2023, 'jobTitle': 'Process Improvement Specialist', 'skills': [], 'startYear': 2023, 'yearsOfExperience': 0.5}, {'_id': '66eff3eabd7fa22fce9fe7b1', 'companyLocation': 'India', 'companyName': 'Info Solutions', 'endYear': 2024, 'jobTitle': 'Content Evaluator', 'skills': [], 'startYear': 2024, 'yearsOfExperience': 0.5}]",5.460463877
23,"[{'_id': 'a1b2c3d4e5f6789012345678', 'degree': ""Bachelor's"", 'endYear': 1998, 'fieldOfStudy': 'Music Composition', 'languageSpoken': 'Korean', 'school': 'Seoul National University of Arts', 'startYear': 1994}]","[{'_id': '12345abcde67890fghij1234', 'companyLocation': 'South Korea', 'companyName': 'Samsung Electronics', 'endYear': 2004, 'skills': [], 'startYear': 1998, 'yearsOfExperience': 6}, {'_id': '23456bcdef78901ghijk2345', 'companyLocation': 'South Korea', 'companyName': 'LG Entertainment', 'endYear': 2010, 'skills': [], 'startYear': 2004, 'yearsOfExperience': 6}, {'_id': '34567cdefg89012hijkl3456', 'companyLocation': 'South Korea', 'companyName': 'Community Cooperative Seoul', 'endYear': 2022, 'skills': [], 'startYear': 2012, 'yearsOfExperience': 10}]",4.931555595
24,"[{'_id': '1234567890abcdef12345678', 'degree': ""Associate's Degree"", 'fieldOfStudy': 'Contemporary and Modern Art Studies', 'school': 'Riverside County Community College'}]","[{'_id': 'abcdef1234567890abcdef12', 'companyLocation': 'USA', 'companyName': 'Artisan Machinery, Inc.', 'jobTitle': 'Equipment Operator', 'skills': ['Stock Management', 'Data Logging', 'Dispatch Documentation'], 'yearsOfExperience': 3}, {'_id': 'abcdef1234567890abcdef13', 'companyLocation': 'USA', 'companyName': 'Green Leaf Bistro', 'jobTitle': 'Assistant Chef', 'skills': ['Hygienic Procedures', 'Ingredient Procurement', 'Culinary Preparation', 'Standards Assurance', 'Team Hiring'], 'yearsOfExperience': 2}, {'_id': 'abcdef1234567890abcdef14', 'companyLocation': 'USA', 'companyName': 'Creative Vision Productions', 'jobTitle': 'Freelance Specialist', 'skills': [], 'yearsOfExperience': 7}]",3.957990426
25,"[{'_id': 'a1b2c3d4e5f6g7h8i9j0k1', 'endYear': 2019, 'fieldOfStudy': 'Web Development', 'school': 'Tech University', 'startYear': 2019}, {'_id': 'k1j0i9h8g7f6e5d4c3b2a1', 'endYear': 2018, 'fieldOfStudy': 'Mobile App Development', 'school': 'Digital Academy', 'startYear': 2017}]","[{'_id': '1234567890abcdef123456', 'companyLocation': 'Croatia', 'companyName': 'TechWave', 'endYear': 2023, 'jobTitle': 'Application Developer', 'skills': ['JavaScript', 'React', 'Python', 'Frontend Development', 'GraphQL', 'Concurrency', 'Task Queues', 'Monitoring'], 'startYear': 2021, 'yearsOfExperience': 2}, {'_id': 'abcdef1234567890abcdef1', 'companyLocation': 'Croatia', 'companyName': 'Innovatech', 'endYear': 2023, 'jobTitle': 'System Developer', 'skills': ['Token Authentication', 'API Development', 'Integration with Services'], 'startYear': 2023, 'yearsOfExperience': 0.5}, {'_id': 'abcdef1234567890abcdef2', 'companyLocation': 'Croatia', 'companyName': 'NextGen Solutions', 'endYear': -1, 'jobTitle': 'Backend Engineer', 'skills': ['JavaScript', 'Backend Architecture'], 'startYear': 2025, 'yearsOfExperience': -1}, {'_id': 'abcdef1234567890abcdef3', 'companyLocation': 'Croatia', 'companyName': 'Visionary Labs', 'endYear': 2021, 'jobTitle': 'Project Developer', 'skills': ['Team Leadership', 'Customer Relations', 'Tech Support'], 'startYear': 2018, 'yearsOfExperience': 3}]",1.951772951
26,"[{'_id': 'a1b2c3d4e5f6789012345678', 'degree': 'Bachelors', 'fieldOfStudy': 'Information Technology', 'languageSpoken': 'English', 'school': 'Oceanview University'}, {'_id': 'b2a3c4d5e6f7890123456789', 'degree': 'Graduate Diploma', 'fieldOfStudy': 'Data Systems Engineering', 'languageSpoken': 'English', 'school': 'Lakefront Institute'}]","[{'_id': 'c3b4a5d6e7f8901234567890', 'companyLocation': 'Canada', 'companyName': 'Maple Financial', 'jobTitle': 'Mobile Developer', 'skills': ['Swift', 'Objective-C', 'MVVM', 'KVO', 'UIKit', 'RxSwift', 'Alamofire', 'Codable', 'GCD', 'Git', 'Jenkins', 'Firebase'], 'yearsOfExperience': 1.6}, {'_id': 'd4c5b6a7e8f9012345678901', 'companyName': 'Triton Systems Ltd.', 'jobTitle': 'Software Quality Analyst', 'skills': ['C', 'Linux'], 'yearsOfExperience': 2.1}, {'_id': 'e5d6c7b8a9f0123456789012', 'companyLocation': 'United States', 'companyName': 'Zephyr Technologies', 'jobTitle': 'Software Engineer', 'skills': ['Java', 'Linux'], 'yearsOfExperience': 1.2}, {'_id': 'f6e7d8c9b0a1234567890123', 'companyLocation': 'United States', 'companyName': 'Pinnacle Investments', 'jobTitle': 'iOS Developer', 'skills': ['Swift', 'Objective-C', 'SwiftUI', 'MVC', 'RESTful APIs', 'JSON', 'Git', 'CI/CD', 'DevOps'], 'yearsOfExperience': 1.8}, {'_id': 'g7f8e9d0c1b2345678901234', 'companyName': 'NovaTech Solutions', 'jobTitle': 'Software Architect', 'skills': ['C++', 'VxWorks'], 'yearsOfExperience': 4.2}, {'_id': 'h8g9f0e1d2c3456789012345', 'companyName': 'Communication Hub', 'jobTitle': 'Software Developer', 'skills': ['C', 'Unix', 'WindowsXP'], 'yearsOfExperience': 2.3}, {'_id': 'i9h0f1e2d3c4567890123456', 'companyLocation': 'Canada', 'companyName': 'Mountain College', 'jobTitle': 'Assistant Instructor', 'skills': ['C', 'C++'], 'yearsOfExperience': 1.1}]",5.932559518
27,"[{'_id': 'abc123xyz789', 'degree': ""Bachelor's"", 'endYear': 2024, 'fieldOfStudy': 'Information Technology', 'languageSpoken': 'English', 'school': 'California Institute of Technology', 'startYear': 2021}]","[{'_id': 'xyz123abc789', 'companyLocation': 'Spain', 'companyName': 'TechSolutions', 'endYear': 2024, 'jobTitle': 'Software Developer', 'skills': ['Code Review', 'Debugging', 'Java', 'Spring Boot', 'Scrum'], 'startYear': 2024, 'yearsOfExperience': 0}]",1.909516411
28,"[{'_id': '123abc456def789ghi012jkl', 'degree': 'No Degree', 'fieldOfStudy': 'Information Technology', 'languageSpoken': 'English', 'school': 'Central State College'}, {'_id': '345mno678pqr901stu234vwx', 'degree': 'No Degree', 'fieldOfStudy': 'Software Engineering', 'languageSpoken': 'English', 'school': 'Northern Technical University'}]","[{'_id': '456stu789vwx012yz012abc', 'companyLocation': 'Canada', 'companyName': 'Tech Innovators', 'jobTitle': 'Web Developer', 'skills': ['Database Management', 'Web Design'], 'yearsOfExperience': 0.3}, {'_id': '789ghi012jkl345mno678pqr', 'companyLocation': 'Canada', 'companyName': 'Cutting Edge Solutions', 'jobTitle': 'Software and Mobile App Developer', 'skills': ['Android Development', 'iOS Development', 'Wireless Technology', 'Embedded Systems', 'Culinary Skills', 'Web Development'], 'yearsOfExperience': 1.8}, {'_id': '901stu234vwx567yza123bcd', 'companyLocation': 'Canada', 'companyName': 'Tech Assist', 'jobTitle': 'Intern', 'skills': ['System Enhancements', 'IT Support'], 'yearsOfExperience': 0.2}]",4.308919192
29,"[{'_id': 'b2d4f1e345b5b3d8a2f1e3f2', 'degree': 'Masters', 'fieldOfStudy': 'Advanced Computing', 'school': 'Montreal Institute of Technology'}, {'_id': 'b2d4f1e345b5b3d8a2f1e3f3', 'degree': 'Bachelors', 'fieldOfStudy': 'Computer Systems Engineering', 'school': 'Chung-Ang University'}]","[{'_id': 'b2d4f1e345b5b3d8a2f1e3f1', 'companyName': 'FastTech Solutions', 'jobTitle': 'Android Developer', 'skills': ['Java', 'Spring Framework', 'Android Studio', 'MVP', 'MVVM', 'MVC'], 'yearsOfExperience': 1.5}, {'_id': 'b2d4f1e345b5b3d8a2f1e3ef', 'companyName': 'SoftGen Ltd', 'jobTitle': 'Software Developer', 'skills': ['Java', 'Spring Framework', 'Thymeleaf', 'PostgreSQL', 'MySQL'], 'yearsOfExperience': 0.3}, {'_id': 'b2d4f1e345b5b3d8a2f1e3ee', 'companyName': 'Innovatech Group', 'jobTitle': 'Backend Engineer', 'skills': ['Java', 'Spring Framework', 'RESTful APIs', 'JBoss', 'Android Studio'], 'yearsOfExperience': 1.1}, {'_id': 'b2d4f1e345b5b3d8a2f1e3f0', 'companyName': 'PrimePost Inc.', 'jobTitle': 'Full Stack Developer', 'skills': ['Java', 'Spring Framework', 'Android Studio', 'JavaScript', 'React.js', 'Vue.js'], 'yearsOfExperience': 0.9}]",3.492562576
30,"[{'_id': '66fa26225f57334b2284219e', 'degree': 'Bachelors', 'fieldOfStudy': 'Computer Science', 'languageSpoken': 'English', 'school': 'University of Melbourne'}, {'_id': '66fa26225f57334b2284219f', 'degree': 'Diploma', 'fieldOfStudy': 'Professional Development', 'languageSpoken': 'English', 'school': 'University of Melbourne'}]","[{'_id': '66fa26225f57334b2284219a', 'companyLocation': 'Australia', 'companyName': 'Tech Solutions Group', 'jobTitle': 'Data Engineer', 'skills': ['Talend', 'Azure Web Apps', 'HTML', 'JavaScript', 'Hadoop', 'Data Lakes', 'PostgreSQL', 'Redshift']}, {'_id': '66fa26225f57334b22842198', 'companyLocation': 'Australia', 'companyName': 'Healthcare Systems Inc.', 'jobTitle': 'Lead Data Engineer', 'skills': ['SQL', 'Python', 'Scrum', 'Azure', 'AWS', 'GCP', 'Data Integration', 'Data Management', 'Machine Learning']}, {'_id': '66fa26225f57334b2284219b', 'companyLocation': 'Australia', 'companyName': 'Environmental Planning Authority', 'jobTitle': 'DevOps Specialist', 'skills': ['Zendesk', 'Hadoop', 'Data Lakes', 'S3', 'Jenkins', 'Ansible', 'PowerShell', 'Lambda', 'Tableau', 'ITIL']}, {'_id': '66fa26225f57334b22842199', 'companyLocation': 'Australia', 'companyName': 'Environmental Planning Authority', 'jobTitle': 'Operations Manager', 'skills': ['Scrum', 'Azure', 'API Management', 'DevOps', 'JIRA', 'Confluence', 'Resource Planning', 'Business Continuity']}, {'_id': '66fa26225f57334b2284219c', 'companyLocation': 'Australia', 'companyName': 'Digital Media Group', 'jobTitle': 'Broadcast Technician', 'skills': ['CDNs', 'SQL', 'Automation Systems']}, {'_id': '66fa26225f57334b2284219d', 'companyLocation': 'Australia', 'companyName': 'Media Broadcasting Co.', 'jobTitle': 'Broadcast Technician', 'skills': ['Automation Systems', 'Operational Workflows']}]",5.707923484
31,"[{'_id': '6704144417c722bb97bacae3', 'degree': ""Bachelor's"", 'endYear': 2024, 'fieldOfStudy': 'Information Technology', 'school': 'Tech University', 'startYear': 2020}]","[{'_id': '6704144417c722bb97bacae0', 'companyLocation': 'United States', 'companyName': 'ImageStock, LLC', 'endYear': 2014, 'jobTitle': 'Frontend Developer', 'skills': ['MongoDB', 'Express', 'Angular', 'Node'], 'startYear': 2014, 'yearsOfExperience': 0}, {'_id': '6704144417c722bb97bacae1', 'companyLocation': 'United Kingdom', 'companyName': 'Innovation Engineering', 'endYear': 2014, 'jobTitle': 'Full Stack Developer', 'skills': ['Spring Boot', 'Java', 'Hibernate', 'PostgreSQL', 'JavaScript'], 'startYear': 2014, 'yearsOfExperience': 0}, {'_id': '6704144417c722bb97bacadd', 'companyLocation': 'Australia', 'companyName': 'Tech Institute', 'endYear': 2018, 'jobTitle': 'Web Developer', 'skills': ['Node.js', 'Express.js', 'React.js', 'Redux', 'Python', 'Flask', 'PostgreSQL', 'SQL'], 'startYear': 2016, 'yearsOfExperience': 2}, {'_id': '6704144417c722bb97bacadc', 'companyLocation': 'Germany', 'companyName': 'MobileTech Inc.', 'endYear': 2019, 'jobTitle': 'Data Engineer', 'skills': ['Hadoop', 'HDFS', 'Elasticsearch', 'Logstash', 'Kibana', 'Hive', 'HiveQL', 'MapReduce'], 'startYear': 2018, 'yearsOfExperience': 1}, {'_id': '6704144417c722bb97bacada', 'companyName': 'AI Solutions', 'endYear': -1, 'jobTitle': 'Software Developer', 'skills': ['TypeScript', 'Go', 'Python', 'Java', 'SQL', 'C++', 'JavaScript', 'React', 'NumPy', 'Pandas', 'TensorFlow', 'PyTorch', 'R', 'SciPy'], 'startYear': 2024, 'yearsOfExperience': 0}, {'_id': '6704144417c722bb97bacadb', 'companyLocation': 'France', 'companyName': 'Student Union', 'endYear': 2024, 'jobTitle': 'Diversity Officer', 'skills': [], 'startYear': 2019, 'yearsOfExperience': 4}, {'_id': '6704144417c722bb97bacadf', 'companyLocation': 'Canada', 'companyName': 'HealthTech Ltd.', 'endYear': 2015, 'jobTitle': 'Backend Developer', 'skills': ['Go', 'Python', 'OpenCV', 'Flask', 'S3', 'Docker', 'AWS', 'EC2', 'Elastic Beanstalk'], 'startYear': 2015, 'yearsOfExperience': 0}, {'_id': '6704144417c722bb97bacade', 'companyLocation': 'Brazil', 'companyName': 'GreenTech Solutions', 'endYear': 2016, 'jobTitle': 'App Developer', 'skills': ['React Native', 'Node.js', 'Express.js', 'MySQL', 'MariaDB', 'Redis'], 'startYear': 2016, 'yearsOfExperience': 0}, {'_id': '6704144417c722bb97bacae2', 'companyLocation': 'India', 'companyName': 'Media Solutions', 'endYear': 2013, 'jobTitle': 'Web Developer', 'skills': ['Cordova', 'Google Maps API', 'PHP', 'JavaScript', 'jQuery'], 'startYear': 2013, 'yearsOfExperience': 0}]",1.518112877
32,"[{'_id': 'a1b2c3d4e5f6g7h8i9j0k1l2', 'degree': ""Bachelor's"", 'fieldOfStudy': 'Network Management and IT Systems', 'school': 'National University of Central City'}]","[{'_id': 'z9y8x7w6v5u4t3s2r1q0p0o9', 'companyLocation': 'Argentina', 'companyName': 'Tech Innovate', 'jobTitle': 'Data Solutions Architect', 'skills': ['SQL', 'SSIS', 'VBA', 'Alteryx', 'Tableau'], 'yearsOfExperience': 1.0}, {'_id': 'n8m7l6k5j4i3h2g1f0e9d8c7', 'companyLocation': 'Brazil', 'companyName': 'Digital Dynamics', 'jobTitle': 'Senior Data Analyst', 'skills': ['SQL', 'SSIS', 'VBA'], 'yearsOfExperience': 0.5}, {'_id': 'b7a6c5d4e3f2g1h0i9j8k7l6', 'companyLocation': 'Argentina', 'companyName': 'NextGen Solutions', 'jobTitle': 'Lead Data Consultant', 'skills': ['SQL', 'SSRS', 'Oracle', 'Sybase', 'GIT'], 'yearsOfExperience': 1.5}, {'_id': 'p5o4n3m2l1k0j9i8h7g6f5e4', 'companyLocation': 'Argentina', 'companyName': 'Innova Corp', 'jobTitle': 'Senior Developer', 'skills': ['SQL', 'SSRS', 'SSAS', 'SSIS', 'MDX', 'DAX', 'Azure SQL', 'Datafactory'], 'yearsOfExperience': 4.0}, {'_id': 'q3w2e1r0t9y8u7i6o5p4a3s2', 'companyLocation': 'Chile', 'companyName': 'Software Solutions', 'jobTitle': 'Technical Advisor', 'skills': ['SQL', 'ERP'], 'yearsOfExperience': 3.0}, {'_id': 'e2d1c0b9a8s7d6f5g4h3j2k1', 'companyLocation': 'Chile', 'companyName': 'Data Insights', 'jobTitle': 'Programmer Analyst', 'skills': ['Business Objects'], 'yearsOfExperience': 2.0}, {'_id': 'u1i0o9p8q7w6e5r4t3y2u1i0', 'companyLocation': 'Argentina', 'companyName': 'Quantum Analytics', 'jobTitle': 'BI Solutions Developer', 'skills': ['Business Objects', 'SQL', 'ERP'], 'yearsOfExperience': 0.5}, {'_id': 'l0k9j8h7g6f5d4s3a2p1o0i9', 'companyName': 'Skyline AI', 'jobTitle': 'Data Intelligence Developer', 'skills': ['SQL', 'GIT', 'Azure Databricks', 'Azure Data Factory'], 'yearsOfExperience': 2.5}, {'_id': 'm1n2b3v4c5x6z7a8s9d0f1g2', 'companyLocation': 'Chile', 'companyName': 'Tech Innovate', 'jobTitle': 'Technology Analyst', 'skills': ['SAP'], 'yearsOfExperience': 1.0}, {'_id': 'r3t4y5u6i7o8p9q0w1e2r3t4', 'companyLocation': 'Brazil', 'companyName': 'Innovative Systems', 'jobTitle': 'BI Project Lead', 'skills': ['SQL', 'SSIS', 'Access', 'Python'], 'yearsOfExperience': 1.5}]",0.9918877617
33,"[{'_id': 'a1b2c3d4e5f6g7h8i9j0k1l2', 'degree': 'Certificate', 'fieldOfStudy': 'Healthcare Interpretation', 'languageSpoken': 'English', 'school': 'XYZ Institute'}, {'_id': 'a1b2c3d4e5f6g7h8i9j0k1l3', 'degree': 'Certificate', 'fieldOfStudy': 'Linguistic Studies', 'languageSpoken': 'English', 'school': 'ABC University'}, {'_id': 'a1b2c3d4e5f6g7h8i9j0k1l4', 'degree': 'Diploma', 'fieldOfStudy': 'Software Development', 'languageSpoken': 'English', 'school': 'Tech Academy'}, {'_id': 'a1b2c3d4e5f6g7h8i9j0k1l5', 'degree': 'Bachelors', 'fieldOfStudy': 'Electrical Engineering', 'languageSpoken': 'English', 'school': 'Northern University'}, {'_id': 'a1b2c3d4e5f6g7h8i9j0k1l6', 'fieldOfStudy': 'Telecommunications Engineering', 'languageSpoken': 'Spanish', 'school': ""University 'Los Hermanos'""}]","[{'_id': 'z9y8x7w6v5u4t3s2r1q0p9o8', 'companyLocation': 'Canada', 'companyName': 'Tech Solutions Inc.', 'jobTitle': 'Software Engineer', 'skills': ['C#.NET', 'SQL Server', 'JavaScript', 'HTML']}, {'_id': 'z9y8x7w6v5u4t3s2r1q0p9o7', 'companyLocation': 'Canada', 'companyName': 'Language Services LLC', 'jobTitle': 'Linguist', 'skills': ['Translation', 'Interpretation']}, {'_id': 'z9y8x7w6v5u4t3s2r1q0p9o6', 'companyLocation': 'Canada', 'companyName': 'Tech Innovators Group', 'jobTitle': 'Systems Analyst', 'skills': ['VB.NET', 'Oracle', 'Project Management']}, {'_id': 'z9y8x7w6v5u4t3s2r1q0p9o5', 'companyLocation': 'Canada', 'companyName': 'Editing Experts Co.', 'jobTitle': 'Editor/Translator', 'skills': ['Editing', 'Proofreading', 'Translation']}, {'_id': 'z9y8x7w6v5u4t3s2r1q0p9o4', 'companyLocation': 'Canada', 'companyName': 'Tech Ventures Ltd.', 'jobTitle': 'IT Specialist', 'skills': ['SQL Server', 'Microsoft Access', 'VBA']}, {'_id': 'z9y8x7w6v5u4t3s2r1q0p9o3', 'companyLocation': 'Canada', 'companyName': 'Real Estate Pros', 'jobTitle': 'Property Consultant', 'skills': ['Real Estate', 'Sales']}, {'_id': 'z9y8x7w6v5u4t3s2r1q0p9o2', 'companyLocation': 'Canada', 'companyName': 'Business Solutions Inc.', 'jobTitle': 'Data Analyst', 'skills': ['Data Analysis', 'Excel', 'Oracle']}, {'_id': 'z9y8x7w6v5u4t3s2r1q0p9o1', 'companyLocation': 'Canada', 'companyName': 'Programming Pros Ltd.', 'jobTitle': 'Developer', 'skills': ['ASP.NET', 'VB.NET', 'XML']}, {'_id': 'z9y8x7w6v5u4t3s2r1q0p9n9', 'companyLocation': 'Canada', 'companyName': 'Contact Tracing Corp.', 'jobTitle': 'Investigator', 'skills': ['Contact Tracing', 'Interviews', 'Research']}, {'_id': 'z9y8x7w6v5u4t3s2r1q0p9n8', 'companyLocation': 'Canada', 'companyName': 'Consultancy Experts', 'jobTitle': 'Tech Consultant', 'skills': ['VB.NET', 'SQL', 'Systems Integration']}, {'_id': 'z9y8x7w6v5u4t3s2r1q0p9n7', 'companyLocation': 'Canada', 'companyName': 'IT Specialists Group', 'jobTitle': 'Technical Analyst', 'skills': ['VB.NET', 'Visual Studio', 'Database Management']}]",1.263540192
34,"[{'_id': 'abc1234567890abcdef1234', 'degree': 'Bootcamp', 'endYear': 2021, 'fieldOfStudy': 'Software Engineering', 'school': 'Tech Academy', 'startYear': 2020}, {'_id': 'abc1234567890abcdef1235', 'degree': 'Bachelors', 'endYear': 2016, 'fieldOfStudy': 'International Relations', 'school': 'Central University', 'startYear': 2012}]","[{'_id': 'abc1234567890abcdef1236', 'companyLocation': 'Australia', 'companyName': 'TechSolutions', 'endYear': -1, 'jobTitle': 'Software Engineer', 'skills': ['Vue.js', 'React Native', 'Django', 'Flask', 'E-commerce Systems', 'OAuth', 'UI Design', 'Server Architecture', 'Database Migrations', 'Automated Testing', 'Sorting', 'Data Pagination', 'Peer Reviews', 'Training', 'Feature Implementation'], 'startYear': 2021, 'yearsOfExperience': 2}]",3.996191311
35,"[{'_id': 'a1b2c3d4e5f6g7h8i9j0k1l2', 'degree': 'Bachelors', 'endYear': -1, 'fieldOfStudy': 'Physics', 'languageSpoken': 'English', 'school': 'Riverdale University', 'startYear': 2024}]","[{'_id': 'm1n2o3p4q5r6s7t8u9v0w1x2', 'endYear': -1, 'skills': [], 'startYear': -1, 'yearsOfExperience': -1}]",0.3892501008
36,"[{'_id': 'a1b2c3d4e5f6789012345678', 'degree': 'Bachelor of Science', 'endYear': 2025, 'fieldOfStudy': 'Communications Engineering', 'languageSpoken': 'English', 'school': 'International University of Technology', 'startYear': 2021}]","[{'_id': '1234abcd5678efgh9012ijkl', 'companyLocation': 'Morocco', 'companyName': 'Global Education Services', 'endYear': -1, 'jobTitle': 'Advanced Calculus Teaching Assistant', 'skills': ['Mentoring', 'Instruction'], 'startYear': 2019, 'yearsOfExperience': 4}]",3.600795754
37,"[{'_id': 'xyzzyx1234567890abcdef', 'degree': 'Bachelors', 'fieldOfStudy': 'Health Sciences', 'languageSpoken': 'English', 'school': 'Midwestern State University'}]","[{'_id': 'xyzzyx1234567890abcdee', 'companyLocation': 'United States', 'companyName': 'Smith & Associates LLC', 'jobTitle': 'Apprentice', 'skills': ['Design', 'Graphic Design', 'Research'], 'yearsOfExperience': 0.3}, {'_id': 'xyzzyx1234567890abcded', 'companyLocation': 'United States', 'companyName': 'Academia Tutoring Services', 'jobTitle': 'Instructor', 'skills': ['Education', 'Communication'], 'yearsOfExperience': 0.2}]",2.790326862
38,"[{'_id': '1234567890abcdef12345678', 'degree': ""Bachelor's"", 'endYear': 2025, 'fieldOfStudy': 'Environmental Sciences', 'school': 'XYZ University', 'startYear': 2021}]","[{'_id': 'abcdefgh1234567890abcdef', 'companyLocation': 'United States', 'companyName': 'Urban Eats', 'endYear': 2023, 'jobTitle': 'Agriculture Intern', 'skills': ['Organic Farming', 'Greenhouse Operations'], 'startYear': 2023, 'yearsOfExperience': 0}, {'_id': 'abcdef1234567890abcdef12', 'companyLocation': 'United States', 'companyName': 'Cafe Delight', 'endYear': -1, 'jobTitle': 'Event Crew Member', 'skills': ['Culinary Skills'], 'startYear': 2022, 'yearsOfExperience': -1}, {'_id': '1234abcdef1234567890abcd', 'companyLocation': 'United States', 'companyName': 'Wings & Things', 'endYear': 2022, 'skills': ['Customer Interaction'], 'startYear': 2021, 'yearsOfExperience': 1}]",1.627633156
39,"[{'_id': '1a2b3c4d5e6f7g8h9i0j', 'endYear': 2028, 'fieldOfStudy': 'Healthcare', 'school': 'Eastland University', 'startYear': -1}]","[{'_id': '2b3c4d5e6f7g8h9i0j1a', 'companyLocation': 'Japan', 'companyName': 'Sunrise Learning Center', 'endYear': 2022, 'jobTitle': 'Assistant Educator', 'skills': ['Classroom Management', 'Team Collaboration', 'Educational Techniques', 'Curriculum Development'], 'startYear': 2022, 'yearsOfExperience': 1}, {'_id': '3c4d5e6f7g8h9i0j1a2b', 'companyLocation': 'Japan', 'companyName': 'Bright Future Institute', 'endYear': 2023, 'jobTitle': 'Language Instructor', 'skills': ['Language Coaching', 'Schedule Coordination', 'Pedagogical Strategies', 'Custom Learning Paths'], 'startYear': 2022, 'yearsOfExperience': 1}]",5.080778284
40,"[{'_id': 'a1b2c3d4e5f6g7h8i9j0k1l2', 'degree': 'Bachelors', 'endYear': 2027, 'fieldOfStudy': 'Data Analytics', 'languageSpoken': 'English', 'school': 'University of Michigan-Ann Arbor', 'startYear': -1}]","[{'_id': 'm1n2o3p4q5r6s7t8u9v0w1x2', 'companyLocation': 'United States', 'companyName': 'Greenwood Adventure Camp', 'endYear': -1, 'jobTitle': 'Outdoor Activity Leader', 'skills': ['Mentorship', 'Assistance'], 'startYear': 2023, 'yearsOfExperience': 0}, {'_id': 'y1z2a3b4c5d6e7f8g9h0i1j2', 'companyLocation': 'United States', 'companyName': 'Cedar Cafe', 'endYear': 2023, 'jobTitle': 'Service Assistant', 'skills': ['Inventory Management', 'Decoration Setup', 'Sanitization'], 'startYear': 2022, 'yearsOfExperience': 1}, {'_id': 'k1l2m3n4o5p6q7r8s9t0u1v2', 'companyLocation': 'United States', 'companyName': 'Harbor House', 'endYear': -1, 'jobTitle': 'Assistant to Chief Financial Officer', 'skills': ['Information Input', 'Record Keeping', 'Financial Projection', 'Fiscal Strategy', 'Spreadsheet Management'], 'startYear': 2024, 'yearsOfExperience': 0}]",0.7892882361
41,"[{'_id': 'abcdefghij1234567890klmn', 'degree': 'Bachelors', 'endYear': 2026, 'fieldOfStudy': 'Information Technology', 'languageSpoken': 'English', 'school': 'Riverdale University', 'startYear': -1}]","[{'_id': 'mnopqrstuv1234567890wxyz', 'companyLocation': 'Canada', 'companyName': 'Beta Omega Society', 'endYear': 2022, 'jobTitle': 'Secretary', 'skills': ['Communication', 'Documentation', 'Event Coordination'], 'startYear': 2020, 'yearsOfExperience': 1.67}, {'_id': 'qrstuvwx1234567890yzabcd', 'companyLocation': 'Canada', 'companyName': 'Student Services', 'endYear': 2023, 'jobTitle': 'Archivist', 'skills': ['Interpersonal Communication', 'Event Organization'], 'startYear': 2023, 'yearsOfExperience': 0.42}, {'_id': 'uvwxabcd1234567890efghij', 'companyLocation': 'Canada', 'companyName': 'Outreach Initiative', 'endYear': -1, 'jobTitle': 'Volunteer Coordinator', 'skills': ['Leadership', 'Event Management'], 'startYear': 2023, 'yearsOfExperience': 0.33}, {'_id': 'wxyzefgh1234567890ijklmn', 'companyLocation': 'Canada', 'companyName': 'Community Engagement', 'endYear': -1, 'jobTitle': 'Board Member', 'skills': ['Team Collaboration', 'Event Coordination'], 'startYear': 2024, 'yearsOfExperience': 0.33}]",5.770155179
42,"[{'_id': '670ec94052301974593f4935', 'degree': 'Bachelors', 'endYear': 2025, 'fieldOfStudy': 'Finance', 'school': 'California State University', 'startYear': 2022}]","[{'_id': '670ec94052301974593f4932', 'companyLocation': 'Canada', 'companyName': 'PharmaCorp International', 'endYear': 2024, 'jobTitle': 'Information Security Analyst Intern', 'skills': ['Network Protection', 'Data Security', 'Secure Programming', 'Cryptography'], 'startYear': 2024, 'yearsOfExperience': 0}, {'_id': '670ec94052301974593f4933', 'companyLocation': 'United Kingdom', 'companyName': 'CyberGuard Solutions', 'endYear': 2024, 'jobTitle': 'Analyst and Content Developer', 'skills': ['Information Security', 'Analysis', 'Document Creation', 'Frontend Development'], 'startYear': 2024, 'yearsOfExperience': 0}, {'_id': '670ec94052301974593f4934', 'companyLocation': 'Australia', 'endYear': 2024, 'jobTitle': 'Swim Coach/Water Safety Trainer', 'skills': ['Emergency Handling', 'Interpersonal Skills', 'Team Leadership', 'Safety Regulations'], 'startYear': 2017, 'yearsOfExperience': 7}]",0.6655234816
43,"[{'_id': 'abc123', 'degree': 'Bachelors', 'fieldOfStudy': 'Sociology', 'languageSpoken': 'English', 'school': 'City College'}, {'_id': 'def456', 'degree': 'Bachelors', 'fieldOfStudy': 'Literature and Creative Writing', 'languageSpoken': 'English', 'school': 'City College'}]","[{'_id': 'xyz789', 'companyLocation': 'Canada', 'companyName': 'Global Communications', 'jobTitle': 'Market Researcher', 'skills': ['Communication', 'Confidentiality', 'Adaptability', 'Interpersonal'], 'yearsOfExperience': 0.2}]",3.283494444
44,"[{'_id': 'a1b2c3d4e5f6g7h8i9j0k1l2', 'degree': 'Bachelors', 'endYear': 2026, 'fieldOfStudy': 'Cognitive Science', 'languageSpoken': 'English', 'school': 'University of Colorado Boulder', 'startYear': 2022}]","[{'_id': 'a1b2c3d4e5f6g7h8i9j0k1l3', 'companyLocation': 'United States', 'companyName': 'FreshMex', 'endYear': -1, 'jobTitle': 'Team Member', 'skills': ['Customer Service', 'Sanitation', 'Meal Preparation', 'Packaging', 'Kitchen Equipment'], 'startYear': 2023, 'yearsOfExperience': 0}, {'_id': 'a1b2c3d4e5f6g7h8i9j0k1l4', 'companyLocation': 'United States', 'companyName': 'Urban Outfitters', 'endYear': 2023, 'jobTitle': 'Retail Assistant', 'skills': ['Client Relations', 'Transaction Management'], 'startYear': 2022, 'yearsOfExperience': 0}, {'_id': 'a1b2c3d4e5f6g7h8i9j0k1l5', 'companyLocation': 'United States', 'companyName': 'Boba Bliss', 'endYear': 2022, 'jobTitle': 'Barista Lead', 'skills': ['Team Leadership', 'Customer Service', 'Cash Transactions', 'Maintenance', 'Operations Management'], 'startYear': 2021, 'yearsOfExperience': 1}, {'_id': 'a1b2c3d4e5f6g7h8i9j0k1l6', 'companyLocation': 'United States', 'companyName': 'Taste & Savor', 'endYear': 2023, 'jobTitle': 'Retail Specialist', 'skills': ['Client Relations', 'Merchandising', 'Payment Handling', 'Culinary Production'], 'startYear': 2018, 'yearsOfExperience': 5}]",1.965599728
45,"[{'_id': 'xxxxx', 'endYear': -1, 'fieldOfStudy': 'Civil Engineering', 'school': 'University of Texas, Austin', 'startYear': -1}]","[{'_id': 'xxxxx', 'endYear': -1, 'skills': [], 'startYear': -1, 'yearsOfExperience': -1}]",5.942370241
46,"[{'_id': 'abcdef1234567890abcdef01', 'degree': 'Bachelors', 'fieldOfStudy': 'Cognitive Science', 'languageSpoken': 'English', 'school': 'State University of New York, Albany'}, {'_id': 'abcdef1234567890abcdef02', 'degree': 'Bachelors', 'fieldOfStudy': 'Philosophy', 'languageSpoken': 'English', 'school': 'State University of New York, Albany'}]","[{'_id': 'abcdef1234567890abcdef03', 'companyLocation': 'Canada', 'companyName': 'Bright Minds Tutoring', 'jobTitle': 'Tutor', 'skills': ['Tutoring', 'Instruction'], 'yearsOfExperience': 0.25}, {'_id': 'abcdef1234567890abcdef04', 'companyLocation': 'Canada', 'companyName': 'Supportive Health Services', 'jobTitle': 'Case Coordinator', 'skills': ['Conflict Resolution', 'Resource Coordination'], 'yearsOfExperience': 0.2}, {'_id': 'abcdef1234567890abcdef05', 'companyLocation': 'Canada', 'companyName': 'KnowledgeHub.com', 'jobTitle': 'Tutor', 'skills': ['Tutoring', 'Instruction'], 'yearsOfExperience': 0.25}, {'_id': 'abcdef1234567890abcdef06', 'companyLocation': 'Canada', 'companyName': 'Anderson Consulting', 'jobTitle': 'Intern', 'skills': ['Project Coordination'], 'yearsOfExperience': 0.2}, {'_id': 'abcdef1234567890abcdef07', 'companyLocation': 'Canada', 'companyName': 'Sunrise Health Facility', 'jobTitle': 'Administrative Assistant', 'skills': ['Office Coordination', 'Data Management'], 'yearsOfExperience': 0.2}, {'_id': 'abcdef1234567890abcdef08', 'companyLocation': 'Canada', 'companyName': 'Riverbend Country Club', 'jobTitle': 'Service Attendant', 'skills': ['Client Relations'], 'yearsOfExperience': 0.2}, {'_id': 'abcdef1234567890abcdef09', 'companyLocation': 'Canada', 'companyName': 'Childcare Services', 'jobTitle': 'Childcare Provider', 'skills': ['Child Supervision', 'Domestic Management'], 'yearsOfExperience': 9.5}]",5.955121219
47,"[{'_id': 'abc123def456ghi789jkl', 'degree': 'Undergraduate', 'endYear': 2026, 'fieldOfStudy': 'Pharmaceutical Sciences', 'school': 'Eastern State University', 'startYear': -1}]","[{'_id': 'xyz987uvw654rst321nop', 'endYear': -1, 'skills': [], 'startYear': -1, 'yearsOfExperience': -1}]",2.713128626
48,"[{'_id': 'abc123xyz456', 'degree': 'Bachelors', 'endYear': 2027, 'fieldOfStudy': 'Environmental Science', 'school': 'State University of New York at Stony Brook', 'startYear': -1}]","[{'_id': 'abc123xyz457', 'companyLocation': 'United States', 'companyName': 'Atlas Research Group', 'endYear': -1, 'jobTitle': 'Research Assistant', 'skills': ['Data Analysis', 'Survey Administration', 'Spreadsheet Creation', 'Technical Writing', 'Visual Presentation'], 'startYear': 2023, 'yearsOfExperience': 0}, {'_id': 'abc123xyz458', 'companyLocation': 'United States', 'companyName': ""Johnny's Grill and Bar"", 'endYear': 2023, 'jobTitle': 'Waitstaff', 'skills': ['Guest Relations', 'Cash Register Management', 'Order Coordination', 'Sanitation Practices'], 'startYear': 2023, 'yearsOfExperience': 0}, {'_id': 'abc123xyz459', 'companyLocation': 'United States', 'companyName': ""Johnny's Grill and Bar"", 'endYear': 2022, 'jobTitle': 'Receptionist', 'skills': ['Guest Relations', 'Seating Arrangement', 'Table Setup', 'Team Communication'], 'startYear': 2022, 'yearsOfExperience': 0}, {'_id': 'abc123xyz460', 'companyLocation': 'United States', 'companyName': 'Mega T Branding', 'endYear': 2021, 'jobTitle': 'Supervisor', 'skills': ['Staff Instruction', 'Responsibility Assignment', 'Sales Transaction Oversight', 'Client Issue Handling', 'Group Efficiency Monitoring'], 'startYear': 2021, 'yearsOfExperience': 0}, {'_id': 'abc123xyz461', 'companyLocation': 'United States', 'companyName': 'Mega T Branding', 'endYear': 2020, 'jobTitle': 'Associate', 'skills': ['Area Upkeep', 'Skill Acquisition', 'Collaboration', 'Transaction Processing'], 'startYear': 2020, 'yearsOfExperience': 0}]",2.238806045
49,"[{'_id': 'abc123f9937e8c68cfd4bd71', 'degree': 'Bachelors', 'endYear': 2027, 'fieldOfStudy': 'Finance Systems', 'languageSpoken': 'English', 'school': 'University of California, Berkeley', 'startYear': -1}]","[{'_id': 'abc123f9937e8c68cfd4bd6d', 'companyLocation': 'United States', 'companyName': 'Student Support Office', 'endYear': -1, 'jobTitle': 'Academic Guide', 'skills': ['Tutoring', 'Coordinating', 'Facilitating', 'Inquiring', 'Demonstrating'], 'startYear': 2024, 'yearsOfExperience': 0}, {'_id': 'abc123f9937e8c68cfd4bd6e', 'companyLocation': 'United States', 'companyName': 'Adidas', 'endYear': 2024, 'jobTitle': 'Temporary Sales Representative', 'skills': ['Teamwork', 'Cash Handling', 'Customer Interaction', 'Convincing'], 'startYear': 2024, 'yearsOfExperience': 0}, {'_id': 'abc123f9937e8c68cfd4bd6f', 'companyLocation': 'United States', 'companyName': 'Gourmet Dining Services', 'endYear': 2024, 'jobTitle': 'Program Coordinator', 'skills': ['Managing', 'Coaching', 'Leading'], 'startYear': 2024, 'yearsOfExperience': 0}, {'_id': 'abc123f9937e8c68cfd4bd70', 'companyLocation': 'United States', 'companyName': 'Gourmet Dining Services', 'endYear': 2024, 'jobTitle': 'Cafeteria Staff', 'skills': ['Controlling', 'Observing'], 'startYear': 2023, 'yearsOfExperience': 0}]",1.965599728
50,"[{'_id': '1234567890abcdef12345678', 'degree': ""Bachelor's"", 'endYear': 2024, 'fieldOfStudy': 'Statistics', 'school': 'State University of New York', 'startYear': -1}]","[{'_id': 'abcdef1234567890abcdef12', 'companyLocation': 'Canada', 'companyName': 'Tech Institute of Ontario', 'endYear': 2023, 'jobTitle': 'Student IT Assistant', 'skills': ['Broadcasting', 'System Upgrade'], 'startYear': 2023, 'yearsOfExperience': 0}]",5.942370241